sold,price,mile,engine_vol,wheelbase,model,month,modelyear
0,17.599001,21.056999,1.8,106,Civic,2,2009
0,14.998,39.445,1.8,106,Civic,9,2009
0,14.698,45.727001,2.4000001,108,Accord,3,2006
0,14.998,20.250999,2.4000001,108,Accord,5,2007
0,13.998,40.415001,2.4000001,108,Accord,5,2007
0,14.998,50.365002,2.4000001,108,Accord,4,2007
0,13.998,38.011002,2.4000001,108,Accord,6,2006
0,13.998,29.754999,2.4000001,108,Accord,6,2007
1,15.998,38.366001,2.4000001,108,Accord,1,2007
0,13.599,55.151001,2.4000001,108,Accord,6,2007
0,14.599,24.702,2.4000001,108,Accord,7,2007
0,14.599,43.679001,2.4000001,108,Accord,5,2007
0,13.599,75.096001,2.4000001,108,Accord,2,2006
1,15.998,45.25,2.4000001,108,Accord,2,2007
0,14.998,35.397999,2.4000001,108,Accord,6,2007
1,14.998,33.159,2.4000001,108,Accord,6,2007
0,15.599,17.691,2.4000001,108,Accord,6,2007
0,16.599001,17.562,2.4000001,108,Accord,6,2007
0,16.997999,18.23,2.4000001,108,Accord,5,2007
1,14.998,28.233999,2.4000001,108,Accord,5,2007
0,14.998,36.007999,2.4000001,108,Accord,7,2007
1,12.998,55.491001,2.4000001,108,Accord,6,2006
0,12.698,84.315002,2.4000001,108,Accord,1,2010
0,11.998,113.391,2.4000001,108,Accord,4,2010
0,15.998,13.255,2.4000001,108,Accord,6,2006
0,13.599,46.165001,2.4000001,108,Accord,9,2007
0,15.998,18.701,2.4000001,108,Accord,4,2007
1,14.998,21.285999,2.4000001,108,Accord,7,2007
0,14.599,29.771999,2.4000001,108,Accord,6,2007
1,13.599,37.550999,2.4000001,108,Accord,9,2010
0,14.998,27.302999,2.4000001,108,Accord,5,2007
1,14.998,30.879999,2.4000001,108,Accord,5,2007
1,14.097,37.205002,2.4000001,108,Accord,7,2007
1,14.998,24.009001,2.4000001,108,Accord,6,2007
0,16.097,27.919001,2.4000001,108,Accord,5,2007
0,14.998,27.795,2.4000001,108,Accord,5,2007
0,13.998,43.153999,2.4000001,108,Accord,7,2007
1,14.998,29.885,2.4000001,108,Accord,5,2007
0,13.998,45.112999,2.4000001,108,Accord,5,2007
0,13.998,35.932999,2.4000001,108,Accord,6,2007
0,10.599,117.246,2.4000001,108,Accord,6,2006
1,14.998,15.581,2.4000001,108,Accord,7,2007
1,14.599,29.076,2.4000001,108,Accord,7,2007
0,16.698,27.702,2.4000001,108,Accord,6,2007
0,15.998,26.693001,2.4000001,108,Accord,6,2007
0,15.998,29.764,2.4000001,108,Accord,6,2007
0,17.997999,10.784,2.4000001,108,Accord,6,2007
0,17.997999,13.594,2.4000001,108,Accord,6,2007
0,17.997999,44.307999,2.4000001,108,Accord,9,2007
0,14.998,52.465,2.4000001,108,Accord,2,2010
0,15.599,21.947001,2.4000001,108,Accord,5,2006
0,14.599,38.417,2.4000001,108,Accord,7,2006
0,14.998,55.001999,2.4000001,108,Accord,9,2007
0,16.997999,58.290001,2.4000001,108,Accord,6,2007
0,14.998,45.575001,2.4000001,108,Accord,6,2006
1,15.998,73.223,2.4000001,108,Accord,2,2006
0,15.599,24.819,2.4000001,108,Accord,6,2006
0,17.997999,11.399,2.4000001,108,Accord,6,2007
0,15.998,20.465,2.4000001,108,Accord,6,2006
0,18.997999,9.7299995,2.4000001,108,Accord,2,2007
0,15.998,30.655001,2.4000001,108,Accord,6,2007
0,18.599001,8.7130003,2.4000001,108,Accord,6,2007
0,14.998,33.254002,2.4000001,108,Accord,6,2007
0,16.599001,20.163,2.4000001,108,Accord,6,2007
0,16.599001,27.732,2.4000001,108,Accord,5,2007
0,16.997999,42.095001,2.4000001,108,Accord,7,2007
1,17.997999,25.393999,2.4000001,108,Accord,7,2007
1,17.599001,14.436,2.4000001,108,Accord,6,2007
1,14.998,55.492001,2.4000001,108,Accord,9,2007
1,16.997999,28.252001,2.4000001,108,Accord,1,2007
0,16.997999,26.264999,2.4000001,108,Accord,6,2007
0,16.599001,33.077,2.4000001,108,Accord,6,2007
0,18.997999,13.88,2.4000001,108,Accord,6,2007
0,17.599001,24.371,2.4000001,108,Accord,6,2007
0,17.997999,23.861,2.4000001,108,Accord,6,2007
0,16.997999,21.076,2.4000001,108,Accord,7,2007
0,16.997999,25.388,2.4000001,108,Accord,6,2007
0,17.997999,24.009001,2.4000001,108,Accord,6,2007
0,18.997999,21.858999,2.4000001,108,Accord,6,2007
0,16.997999,32.959999,2.4000001,108,Accord,6,2007
0,16.997999,28.636,2.4000001,108,Accord,6,2007
0,16.997999,32.408001,2.4000001,108,Accord,6,2007
0,17.599001,23.124001,2.4000001,108,Accord,6,2007
0,15.998,70.648003,2.4000001,108,Accord,3,2006
0,16.698,44.932999,2.4000001,108,Accord,5,2007
0,17.997999,25.438,2.4000001,108,Accord,6,2007
0,17.997999,19.416,2.4000001,108,Accord,6,2007
0,17.997999,16.923,2.4000001,108,Accord,6,2007
0,17.997999,29.620001,2.4000001,108,Accord,6,2007
0,17.997999,15.779,2.4000001,108,Accord,6,2007
0,17.599001,12.809,2.4000001,108,Accord,6,2007
0,15.998,55.004002,2.4000001,108,Accord,9,2007
0,16.997999,27.815001,2.4000001,108,Accord,6,2007
0,16.997999,38.423,2.4000001,108,Accord,5,2007
0,17.698,22.271,2.4000001,108,Accord,7,2007
0,17.997999,24.200001,2.4000001,108,Accord,6,2007
0,17.599001,23.056,2.4000001,108,Accord,6,2007
0,13.998,76.899002,2.4000001,108,Accord,6,2006
0,17.599001,23.849001,2.4000001,108,Accord,6,2007
0,17.997999,21.853001,2.4000001,108,Accord,6,2007
0,17.997999,21.987,2.4000001,108,Accord,6,2007
0,17.997999,22.733,2.4000001,108,Accord,6,2007
0,16.997999,23.379999,2.4000001,108,Accord,7,2007
0,17.997999,16.128,2.4000001,108,Accord,6,2007
0,17.997999,14.043,2.4000001,108,Accord,7,2007
1,13.599,73.478996,3,108,Accord,4,2007
0,15.998,29.580999,3,108,Accord,6,2007
0,15.998,28.941999,3,108,Accord,6,2007
0,15.998,21.438,3,108,Accord,5,2007
0,15.998,18.038,3,108,Accord,6,2007
0,15.998,18.749001,3,108,Accord,7,2007
0,15.998,20.190001,3,108,Accord,6,2007
1,16.997999,21.372999,3,108,Accord,6,2007
0,17.599001,10.878,3,108,Accord,5,2007
0,15.998,29.780001,3,108,Accord,7,2007
0,14.599,27.606001,3,108,Accord,9,2007
1,15.998,25.82,3,108,Accord,6,2007
1,12.698,87.204002,3,108,Accord,7,2010
1,15.097,40.209999,3,108,Accord,5,2006
0,18.997999,24.032,3,108,Accord,5,2007
0,17.599001,25.509001,3,108,Accord,6,2007
0,16.599001,50.761002,3,108,Accord,7,2007
0,18.997999,18.207001,3,108,Accord,5,2007
1,17.599001,27.548,3,108,Accord,7,2007
0,18.997999,11.06,3,108,Accord,6,2007
1,13.998,66.954002,3,108,Accord,3,2010
0,18.997999,15.011,3,108,Accord,6,2007
0,17.997999,29.958,3,108,Accord,5,2006
0,16.599001,32.445,3,108,Accord,6,2006
0,19.599001,17.509001,3,108,Accord,5,2007
0,17.599001,25.479,3,108,Accord,7,2007
0,18.599001,27.323999,3,108,Accord,6,2007
0,17.997999,27.299,3,108,Accord,7,2007
0,19.997999,10.155,3,108,Accord,6,2007
0,17.997999,26.774,3,108,Accord,5,2007
0,13.097,92.167,3,108,Accord,6,2010
1,17.997999,21.58,3,108,Accord,6,2007
0,17.997999,24.211,3,108,Accord,6,2007
0,17.997999,24.702999,3,108,Accord,6,2007
0,16.997999,22.764999,3,108,Accord,6,2006
1,17.997999,29.948999,3,108,Accord,6,2007
0,17.997999,23.177999,3,108,Accord,7,2007
0,17.997999,22.242001,3,108,Accord,7,2007
0,18.997999,23.030001,3,108,Accord,5,2007
0,15.599,61.16,3,108,Accord,6,2007
0,18.997999,20.183001,3,108,Accord,6,2007
0,14.998,58.226002,3,108,Accord,6,2010
0,14.599,61.419998,3,108,Accord,4,2006
1,17.599001,47.033001,3,108,Accord,2,2006
0,18.997999,20.792,3,108,Accord,5,2007
0,17.997999,27.146,3,108,Accord,7,2007
0,19.997999,18.341999,3,108,Accord,2,2007
0,17.997999,26.208,3,108,Accord,7,2007
0,17.997999,29.608,3,108,Accord,7,2007
0,17.599001,49.157001,3,108,Accord,6,2007
0,19.997999,20.238001,3,108,Accord,6,2007
0,16.599001,49.875999,3,108,Accord,6,2006
0,18.997999,32.485001,3,108,Accord,5,2007
0,18.997999,24.528999,3,108,Accord,6,2007
0,19.599001,33.806,3,108,Accord,6,2007
0,19.997999,27.403,3,108,Accord,5,2007
0,16.997999,61.473,3,108,Accord,1,2006
0,18.997999,26.841999,3,108,Accord,7,2007
0,15.998,66.834999,3,108,Accord,5,2006
0,14.998,95.176003,3,108,Accord,1,2007
1,19.997999,18.296,3,108,Accord,6,2007
0,17.997999,21.736,2.4000001,110,Accord,9,2008
0,16.997999,28.09,2.4000001,110,Accord,1,2008
0,18.599001,11.839,2.4000001,110,Accord,4,2009
0,16.997999,21.174,2.4000001,110,Accord,7,2008
0,15.998,29.986,2.4000001,110,Accord,9,2008
0,15.998,70.119003,2.4000001,110,Accord,3,2008
0,18.997999,27.92,2.4000001,110,Accord,2,2009
0,18.997999,8.0559998,2.4000001,110,Accord,8,2008
0,17.599001,31.499001,2.4000001,110,Accord,2,2008
0,19.997999,7.5650001,2.4000001,110,Accord,6,2009
0,18.097,30.909,2.4000001,110,Accord,3,2008
0,19.997999,11.166,2.4000001,110,Accord,9,2009
0,19.997999,6.4780002,2.4000001,110,Accord,4,2009
0,16.997999,30.195,2.4000001,110,Accord,7,2008
0,17.997999,46.060001,2.4000001,110,Accord,2,2008
0,19.097,11.891,2.4000001,110,Accord,6,2009
0,16.997999,24.173,2.4000001,110,Accord,7,2008
1,16.997999,14.218,2.4000001,110,Accord,6,2008
0,20.097,8.4630003,2.4000001,110,Accord,5,2009
0,15.998,37.77,2.4000001,110,Accord,8,2008
0,20.097,31.129999,2.4000001,110,Accord,1,2008
0,16.997999,40.716,2.4000001,110,Accord,1,2009
0,17.997999,36.588001,2.4000001,110,Accord,1,2009
0,19.997999,6.2379999,2.4000001,110,Accord,1,2008
0,18.997999,15.497,2.4000001,110,Accord,1,2009
0,18.097,24.371,2.4000001,110,Accord,1,2008
0,17.599001,18.625,2.4000001,110,Accord,6,2008
0,19.997999,12.117,2.4000001,110,Accord,9,2009
0,17.997999,25.658001,2.4000001,110,Accord,9,2008
0,17.997999,20.291,2.4000001,110,Accord,7,2008
1,16.997999,31.561001,2.4000001,110,Accord,9,2008
0,17.698,34.299,2.4000001,110,Accord,6,2008
0,17.599001,25.330999,2.4000001,110,Accord,7,2008
0,17.997999,26.982,2.4000001,110,Accord,7,2008
1,16.997999,23.923,2.4000001,110,Accord,6,2008
1,17.997999,16.51,2.4000001,110,Accord,8,2008
0,17.997999,16.538,2.4000001,110,Accord,7,2008
0,17.997999,15.631,2.4000001,110,Accord,4,2009
1,16.997999,39.279999,2.4000001,110,Accord,5,2008
1,17.097,45.585999,2.4000001,110,Accord,2,2009
0,19.997999,6.941,2.4000001,110,Accord,8,2009
0,16.997999,28.492001,2.4000001,110,Accord,8,2008
0,17.599001,17.773001,2.4000001,110,Accord,7,2008
0,19.997999,17.900999,2.4000001,110,Accord,8,2008
0,19.997999,19.764999,2.4000001,110,Accord,9,2008
1,17.997999,40.630001,2.4000001,110,Accord,1,2008
0,20.097,20.452999,2.4000001,110,Accord,6,2009
0,19.599001,29.945999,2.4000001,110,Accord,4,2009
0,18.997999,31.374001,2.4000001,110,Accord,1,2008
0,19.997999,21.039,2.4000001,110,Accord,1,2008
0,20.997999,21.282,2.4000001,110,Accord,2,2009
0,17.599001,46.383999,2.4000001,110,Accord,3,2008
1,18.599001,26.301001,2.4000001,110,Accord,7,2008
0,19.997999,21.867001,2.4000001,110,Accord,9,2008
0,21.599001,7.533,2.4000001,110,Accord,9,2008
0,19.997999,11.801,2.4000001,110,Accord,7,2008
0,19.599001,27.393,2.4000001,110,Accord,9,2008
0,19.097,23.063,2.4000001,110,Accord,1,2008
0,18.997999,32.509998,2.4000001,110,Accord,1,2008
0,20.997999,34.347,2.4000001,110,Accord,7,2008
0,19.997999,33.16,2.4000001,110,Accord,1,2008
0,21.997999,28.009001,2.4000001,110,Accord,2,2009
0,17.997999,63.681999,2.4000001,110,Accord,7,2008
0,20.599001,29.777,2.4000001,110,Accord,2,2008
0,18.997999,33.630001,2.4000001,110,Accord,8,2008
0,20.997999,20.384001,2.4000001,110,Accord,4,2009
0,21.997999,6.4000001,2.4000001,110,Accord,4,2009
0,21.097,23.257999,2.4000001,110,Accord,1,2008
0,22.097,28.587999,2.4000001,110,Accord,8,2009
0,18.997999,57.028,2.4000001,110,Accord,2,2008
0,22.097,15.572,2.4000001,110,Accord,1,2008
0,20.997999,19.493999,2.4000001,110,Accord,1,2008
0,24.997999,3.96,2.4000001,110,Accord,5,2009
0,20.997999,31.089001,2.4000001,110,Accord,2,2008
0,20.997999,17.242001,2.4000001,110,Accord,8,2008
0,20.997999,20.535,2.4000001,110,Accord,1,2008
0,20.599001,22.120001,2.4000001,110,Accord,4,2009
0,20.997999,13.12,2.4000001,110,Accord,4,2009
0,20.997999,34.602001,2.4000001,110,Accord,2,2008
0,20.997999,29.813,2.4000001,110,Accord,2,2008
0,21.097,34.785,2.4000001,110,Accord,2,2008
0,22.997999,14.924,2.4000001,110,Accord,5,2008
1,22.997999,8.3520002,2.4000001,110,Accord,6,2009
0,19.997999,34.992001,2.4000001,110,Accord,7,2008
0,20.599001,34.153999,2.4000001,110,Accord,9,2008
0,19.997999,35.217999,2.4000001,110,Accord,2,2009
0,20.997999,22.879,2.4000001,110,Accord,4,2009
0,19.997999,35.792,2.4000001,110,Accord,9,2008
0,22.997999,18.098,2.4000001,110,Accord,6,2008
0,17.997999,62.348999,3.5,110,Accord,4,2008
1,21.997999,18.768,3.5,110,Accord,5,2008
0,20.599001,25.556,3.5,110,Accord,6,2008
0,20.698,32.271,3.5,110,Accord,7,2008
1,21.599001,30.072001,3.5,110,Accord,6,2008
0,21.997999,28.391001,3.5,110,Accord,2,2008
0,18.997999,62.464001,3.5,110,Accord,3,2008
0,22.997999,33.643002,3.5,110,Accord,2,2009
0,21.997999,9.1260004,3.5,110,Accord,7,2008
0,22.997999,18.330999,3.5,110,Accord,6,2008
0,19.997999,39.435001,3.5,110,Accord,7,2008
0,23.997999,10,3.5,110,Accord,2,2008
0,22.997999,22.235001,3.5,110,Accord,2,2008
0,21.997999,11.292,3.5,110,Accord,7,2008
1,22.997999,27.263,3.5,110,Accord,7,2009
0,22.997999,41.584999,3.5,110,Accord,2,2009
0,18.599001,71.668999,3.5,110,Accord,4,2008
0,23.097,25.959999,3.5,110,Accord,9,2009
0,21.698,29.761,3.5,110,Accord,1,2008
0,18.997999,58.870998,3.5,110,Accord,4,2009
0,10.998,95.321999,1.7,103,Civic,5,2010
0,12.998,52.724998,1.7,103,Civic,3,2010
0,13.998,31.978001,1.8,106,Civic,5,2006
0,15.998,11.688,1.8,106,Civic,7,2008
0,15.599,7.256,1.8,106,Civic,5,2007
0,14.599,23.146999,1.8,106,Civic,6,2007
0,15.998,11.431,1.8,106,Civic,7,2008
0,15.998,23.813,1.8,106,Civic,9,2008
1,15.097,40.374001,1.8,106,Civic,3,2008
0,14.998,23.811001,1.8,106,Civic,6,2007
0,13.998,47.138,1.8,106,Civic,6,2007
0,14.599,35.263,1.8,106,Civic,6,2008
0,13.599,36.543999,1.8,106,Civic,6,2006
0,14.998,16.273001,1.8,106,Civic,7,2008
1,14.998,44.268002,1.8,106,Civic,2,2008
1,14.998,44.076,1.8,106,Civic,2,2008
0,16.997999,18.839001,1.8,106,Civic,1,2009
0,14.998,31.823999,1.8,106,Civic,6,2007
0,14.599,28.094999,1.8,106,Civic,6,2007
0,14.998,27.875999,1.8,106,Civic,7,2007
0,13.998,24.579,1.8,106,Civic,6,2007
1,14.998,16.461,1.8,106,Civic,6,2007
0,14.998,29.377001,1.8,106,Civic,6,2007
0,15.599,35.389,1.8,106,Civic,1,2008
0,13.998,36.543999,1.8,106,Civic,7,2007
0,14.998,21.813999,1.8,106,Civic,9,2008
0,14.599,27.587,1.8,106,Civic,6,2008
0,15.599,34.938999,1.8,106,Civic,9,2007
0,14.998,37.212002,1.8,106,Civic,1,2008
0,15.599,25.417,1.8,106,Civic,9,2008
0,14.998,34.381001,1.8,106,Civic,9,2008
0,15.998,47.804001,1.8,106,Civic,2,2008
0,14.599,36.93,1.8,106,Civic,5,2007
0,15.998,12.258,1.8,106,Civic,6,2007
0,14.998,19.674,1.8,106,Civic,6,2007
0,14.998,45.076,1.8,106,Civic,1,2007
0,14.599,41.563999,1.8,106,Civic,6,2007
0,15.998,15.354,1.8,106,Civic,9,2008
0,16.997999,12.078,1.8,106,Civic,6,2006
0,15.998,30.028,1.8,106,Civic,6,2007
0,15.599,22.896,1.8,106,Civic,6,2007
0,14.998,41.028999,1.8,106,Civic,5,2006
0,16.599001,12.872,1.8,106,Civic,6,2007
0,15.599,29.534,1.8,106,Civic,6,2007
0,16.997999,31.940001,1.8,106,Civic,6,2008
0,16.997999,38.085999,1.8,106,Civic,2,2006
0,14.998,27,1.8,106,Civic,6,2007
0,15.998,14.881,1.8,106,Civic,6,2007
0,16.997999,61.578999,1.8,106,Civic,3,2007
0,13.998,41.242001,1.8,106,Civic,7,2006
0,13.998,52.313,1.8,106,Civic,6,2006
0,14.998,50.832001,1.8,106,Civic,6,2007
0,16.599001,9.0819998,1.8,106,Civic,6,2007
0,14.998,28.016001,1.8,106,Civic,6,2007
0,14.998,36.393002,1.8,106,Civic,6,2007
0,14.998,37.226002,1.8,106,Civic,7,2008
0,12.998,66.084,1.8,106,Civic,6,2006
1,14.599,35.771999,1.8,106,Civic,5,2006
0,15.998,32.241001,1.8,106,Civic,4,2007
0,15.998,7.717,1.8,106,Civic,6,2007
0,16.599001,16.045,1.8,106,Civic,5,2007
0,16.599001,25.229,1.8,106,Civic,1,2008
0,17.599001,17.268,1.8,106,Civic,3,2008
0,15.998,23.035999,1.8,106,Civic,7,2007
0,15.599,24.476,1.8,106,Civic,6,2007
0,19.997999,10.303,1.8,106,Civic,5,2008
0,12.097,67.277,2.5,110,Altima,6,2006
0,14.998,43.224998,2.5,110,Altima,6,2006
1,14.599,56.419998,2.5,110,Altima,9,2006
0,14.599,44.962002,2.5,110,Altima,6,2010
0,11.998,98.249001,2.5,110,Altima,4,2010
0,13.998,19.82,2.5,110,Altima,5,2006
1,13.998,40.401001,2.5,110,Altima,5,2006
1,8.9980001,110.102,2.5,110,Altima,1,2010
0,11.998,81.133003,2.5,110,Altima,1,2006
1,15.097,35.916,2.5,110,Altima,3,2006
0,9.9980001,96.042,2.5,110,Altima,6,2010
1,13.599,47.014999,2.5,110,Altima,6,2006
0,13.998,52.433998,2.5,110,Altima,9,2006
0,12.998,70.553001,2.5,110,Altima,2,2006
0,13.998,30.555,2.5,110,Altima,5,2006
0,9.599,103.443,2.5,110,Altima,7,2010
0,10.998,68.926003,2.5,110,Altima,5,2010
0,14.998,17.478001,2.5,110,Altima,6,2006
0,13.998,34.498001,2.5,110,Altima,5,2006
0,13.998,59.466,2.5,110,Altima,2,2006
0,11.097,85.413002,2.5,110,Altima,4,2010
0,13.998,51.869999,2.5,110,Altima,1,2010
1,14.998,17.017,2.5,110,Altima,5,2006
0,14.998,29.853001,2.5,110,Altima,5,2006
0,13.698,36.639999,2.5,110,Altima,6,2006
0,14.599,17.881001,2.5,110,Altima,7,2006
0,11.599,69.726997,2.5,110,Altima,5,2010
0,13.998,27.815001,2.5,110,Altima,5,2006
0,12.698,59.780998,2.5,110,Altima,6,2010
0,14.998,22.281,2.5,110,Altima,5,2010
0,10.599,98.043999,2.5,110,Altima,8,2010
0,10.998,87.238998,2.5,110,Altima,7,2006
1,13.998,30.754,2.5,110,Altima,6,2006
0,19.997999,11.177,2.5,109,Altima,3,2007
0,15.998,20.195,2.5,109,Altima,8,2007
0,15.998,36.761002,2.5,109,Altima,9,2007
0,15.998,23.490999,2.5,109,Altima,8,2007
0,18.698,35.428001,2.5,109,Altima,1,2008
0,17.997999,39.145,2.5,109,Altima,3,2008
0,16.997999,40.826,2.5,109,Altima,2,2008
0,18.997999,21.789,2.5,109,Altima,4,2008
0,19.997999,9.1739998,2.5,109,Altima,5,2009
0,15.998,35.632,2.5,109,Altima,6,2007
0,13.998,45.091999,2.5,109,Altima,6,2007
1,14.998,25.632999,2.5,109,Altima,6,2007
0,14.998,60.948002,2.5,109,Altima,3,2007
0,16.599001,12.602,2.5,109,Altima,6,2007
1,13.998,75.852997,2.5,109,Altima,3,2008
0,16.997999,38.067001,2.5,109,Altima,1,2008
1,18.997999,33.112,2.5,109,Altima,5,2008
0,18.599001,42.071999,2.5,109,Altima,8,2008
0,16.997999,51.995998,2.5,109,Altima,3,2008
0,16.997999,16.862,2.5,109,Altima,9,2008
0,21.997999,22.913,2.5,109,Altima,2,2008
0,17.599001,34.481998,2.5,109,Altima,3,2008
0,17.997999,19.349001,2.5,109,Altima,7,2008
0,17.997999,17.045,2.5,109,Altima,5,2009
0,16.599001,53.834999,2.5,109,Altima,9,2009
0,19.997999,16.681,2.5,109,Altima,4,2009
0,17.997999,17.414,2.5,109,Altima,2,2009
0,17.997999,30.729,2.5,109,Altima,5,2007
0,17.997999,10.014,2.5,109,Altima,6,2007
0,15.097,32.035999,2.5,109,Altima,9,2007
0,17.599001,38.786999,2.5,109,Altima,6,2007
0,14.998,49.583,2.5,109,Altima,9,2007
0,14.998,28.889999,2.5,109,Altima,6,2007
0,16.997999,42.25,2.5,109,Altima,4,2008
1,17.599001,37.125999,2.5,109,Altima,3,2008
0,17.599001,13.514,2.5,109,Altima,4,2008
0,18.997999,25.443001,2.5,109,Altima,9,2008
0,20.997999,36.674999,2.5,109,Altima,6,2008
1,16.997999,19.837,2.5,109,Altima,4,2009
1,15.998,25.995001,2.5,109,Altima,4,2009
1,23.097,22.941,2.5,109,Altima,3,2009
0,15.998,33.183998,2.5,109,Altima,9,2009
0,15.998,61.870998,2.5,109,Altima,6,2007
0,18.997999,42.408001,2.5,109,Altima,6,2008
0,16.997999,40.799999,2.5,109,Altima,7,2008
0,16.698,29.669001,2.5,109,Altima,2,2008
0,15.998,34.988998,2.5,109,Altima,1,2008
0,19.599001,37.532001,2.5,109,Altima,2,2008
0,14.698,51.213001,2.5,109,Altima,6,2008
0,15.998,20.177999,2.5,109,Altima,4,2008
0,16.097,43.438,2.5,109,Altima,9,2008
0,21.997999,8.3839998,2.5,109,Altima,6,2009
1,13.998,60.638,2.5,109,Altima,9,2009
0,15.599,50.610001,2.5,109,Altima,4,2009
0,18.997999,34.841999,2.5,109,Altima,9,2009
0,18.997999,34.118,2.5,109,Altima,4,2009
1,17.599001,25.065001,2.5,109,Altima,3,2009
0,20.997999,16.882999,2.5,109,Altima,1,2009
0,15.998,9.2819996,2.5,109,Altima,7,2007
1,15.998,27.589001,2.5,109,Altima,7,2007
0,15.998,46.504002,2.5,109,Altima,9,2008
0,15.998,38.123001,2.5,109,Altima,4,2008
1,16.997999,43.056999,2.5,109,Altima,3,2008
0,19.997999,51.922001,2.5,109,Altima,1,2008
0,12.599,104.93,2.5,109,Altima,2,2008
0,20.997999,24.362,2.5,109,Altima,9,2008
0,14.998,25.233999,2.5,109,Altima,9,2008
0,17.997999,41.312,2.5,109,Altima,6,2008
0,16.997999,13.235,2.5,109,Altima,7,2009
0,17.097,19.711,2.5,109,Altima,4,2009
0,17.997999,60.148998,2.5,109,Altima,3,2007
0,17.599001,33.431999,2.5,109,Altima,6,2007
0,18.997999,37.227001,2.5,109,Altima,2,2008
0,18.997999,7.4689999,2.5,109,Altima,5,2008
1,18.997999,27.704,2.5,109,Altima,3,2008
0,19.599001,28.900999,2.5,109,Altima,7,2008
0,15.998,41.198002,2.5,109,Altima,4,2008
0,18.997999,27.212,2.5,109,Altima,4,2008
0,18.997999,31.163,2.5,109,Altima,5,2008
1,19.997999,18.086,2.5,109,Altima,6,2008
0,16.599001,17.306999,2.5,109,Altima,7,2008
0,19.997999,27.995001,2.5,109,Altima,4,2009
1,20.997999,17.488001,2.5,109,Altima,1,2009
0,15.599,31.957001,2.5,109,Altima,5,2007
0,15.599,24.187,2.5,109,Altima,7,2007
0,17.599001,16.754999,2.5,109,Altima,6,2008
0,19.997999,35.490002,2.5,109,Altima,2,2008
0,16.997999,29.237,2.5,109,Altima,2,2008
0,19.997999,26.775,2.5,109,Altima,5,2008
0,19.097,6.0799999,2.5,109,Altima,5,2009
0,16.997999,71.333,2.5,109,Altima,3,2009
0,19.097,22.072001,2.5,109,Altima,2,2009
0,15.998,47.264999,2.5,109,Altima,4,2007
0,13.998,64.350998,2.5,109,Altima,1,2007
0,15.599,33.021999,2.5,109,Altima,7,2007
0,15.998,42.179001,2.5,109,Altima,1,2008
0,16.997999,37.424,2.5,109,Altima,2,2008
0,17.997999,13.595,2.5,109,Altima,2,2008
0,16.997999,39.224998,2.5,109,Altima,9,2008
0,16.997999,41.928001,2.5,109,Altima,1,2008
1,14.599,45.383999,2.5,109,Altima,6,2007
1,15.599,37.025002,2.5,109,Altima,3,2008
0,16.997999,16.655001,2.5,109,Altima,9,2008
1,15.998,38.063,2.5,109,Altima,3,2008
0,17.997999,12.372,2.5,109,Altima,5,2008
0,17.997999,10.027,2.5,109,Altima,5,2008
0,16.997999,39.821999,2.5,109,Altima,2,2008
0,17.997999,28.045,2.5,109,Altima,7,2009
0,22.599001,19.167,2.5,109,Altima,3,2009
0,15.599,30.756001,2.5,109,Altima,6,2007
0,15.998,19.888,2.5,109,Altima,7,2007
0,17.599001,33.855999,2.5,109,Altima,7,2007
0,16.599001,26.937,2.5,109,Altima,6,2007
0,15.998,22.820999,2.5,109,Altima,7,2007
0,18.997999,35.740002,2.5,109,Altima,2,2008
0,18.599001,34.344002,2.5,109,Altima,9,2008
0,19.997999,9.151,2.5,109,Altima,5,2008
0,16.599001,28.799999,2.5,109,Altima,3,2008
0,16.997999,27.716,2.5,109,Altima,4,2009
0,21.599001,19.406,2.5,109,Altima,2,2009
0,12.097,80.556999,2.5,109,Altima,9,2007
0,16.599001,51.759998,2.5,109,Altima,6,2007
0,15.998,27.396,2.5,109,Altima,4,2008
1,18.097,26.323,2.5,109,Altima,6,2008
0,20.997999,18.093,2.5,109,Altima,7,2008
0,19.599001,30.240999,2.5,109,Altima,2,2008
0,20.599001,19.927,2.5,109,Altima,4,2009
0,19.997999,10.986,2.5,109,Altima,6,2009
0,14.998,41.411999,3.5,110,Altima,4,2006
1,14.998,36.495998,3.5,110,Altima,6,2006
0,13.599,68.275002,3.5,110,Altima,5,2010
0,16.997999,23.325001,3.5,110,Altima,5,2006
0,15.097,31.855,3.5,110,Altima,6,2006
0,13.998,73.420998,3.5,110,Altima,2,2006
0,15.998,49.937,3.5,110,Altima,9,2010
0,11.599,90.310997,3.5,110,Altima,6,2010
0,12.998,98.675003,3.5,110,Altima,3,2006
0,20.997999,44.179001,3.5,109,Altima,2,2008
0,18.599001,37.59,3.5,109,Altima,2,2008
0,20.599001,32.780998,3.5,109,Altima,6,2007
0,21.599001,20.018,3.5,109,Altima,5,2007
0,18.997999,45.375999,3.5,109,Altima,2,2008
0,19.698,44.759998,3.5,109,Altima,6,2007
0,16.997999,28.448999,3.5,109,Altima,7,2007
0,20.997999,44.098999,3.5,109,Altima,9,2008
0,18.997999,48.174999,3.5,109,Altima,1,2008
0,20.997999,11.774,3.5,109,Altima,5,2007
0,18.599001,45.740002,3.5,109,Altima,9,2007
0,17.997999,61.459,3.5,109,Altima,6,2007
0,20.997999,49.147999,3.5,109,Altima,2,2008
0,20.599001,48.560001,3.5,109,Altima,6,2008
0,22.599001,22.905001,3.5,109,Altima,1,2008
0,18.997999,20.104,3.5,109,Altima,3,2008
0,18.997999,33.625,3.5,109,Altima,4,2008
0,18.997999,39.423,3.5,109,Altima,1,2008
0,22.997999,20.671,3.5,109,Altima,9,2008
0,20.599001,49.983002,3.5,109,Altima,2,2008
0,20.997999,28.906,3.5,109,Altima,8,2007
0,17.997999,45.063999,3.5,109,Altima,7,2007
0,21.997999,15.594,3.5,109,Altima,5,2008
0,19.997999,46.821999,3.5,109,Altima,5,2007
0,20.097,56.222,3.5,109,Altima,3,2008
0,19.097,55.777,3.5,109,Altima,2,2008
0,21.997999,26.761999,3.5,109,Altima,1,2008
0,19.997999,43.702,3.5,109,Altima,1,2008
0,21.599001,36.445,3.5,109,Altima,2,2008
0,21.997999,23.628,3.5,109,Altima,2,2008
0,14.998,24.329,1.8,102,Corolla,2,2006
0,11.998,52.359001,1.8,102,Corolla,6,2008
0,14.599,51.981998,1.8,102,Corolla,3,2008
1,12.998,38.333,1.8,102,Corolla,2,2006
0,12.599,41.445999,1.8,102,Corolla,5,2008
0,12.599,51.73,1.8,102,Corolla,1,2010
1,12.998,56.886002,1.8,102,Corolla,7,2010
1,8.9980001,81.411003,1.8,102,Corolla,5,2006
0,12.998,41.731998,1.8,102,Corolla,7,2008
0,13.998,32.571999,1.8,102,Corolla,2,2007
0,14.998,21.263,1.8,102,Corolla,6,2007
0,12.599,40.069,1.8,102,Corolla,9,2006
0,13.998,49.257,1.8,102,Corolla,4,2009
0,14.097,49.138,1.8,102,Corolla,1,2009
0,14.998,41.797001,1.8,102,Corolla,1,2009
0,13.998,23.301001,1.8,102,Corolla,5,2009
0,14.998,11.777,1.8,102,Corolla,4,2009
0,15.599,53.515999,1.8,102,Corolla,2,2009
0,12.998,54.573002,1.7,103,Civic,9,2010
0,13.599,39.779999,1.7,103,Civic,2,2010
0,14.998,14.409,1.7,103,Civic,4,2010
0,12.599,77.907997,1.7,103,Civic,4,2010
0,15.698,11.415,1.8,106,Civic,7,2009
0,13.998,32.324001,1.8,106,Civic,6,2007
0,15.599,15.603,1.8,106,Civic,6,2008
0,15.599,39.689999,1.8,106,Civic,1,2008
0,15.998,11.034,1.8,106,Civic,7,2008
0,15.998,9.9639997,1.8,106,Civic,7,2008
0,14.599,23.122,1.8,106,Civic,6,2007
0,14.998,15.833,1.8,106,Civic,6,2007
0,13.998,28.504,1.8,106,Civic,7,2007
0,15.599,22.851999,1.8,106,Civic,9,2008
0,15.998,21.289,1.8,106,Civic,1,2008
0,16.997999,36.375999,1.8,106,Civic,2,2009
0,16.997999,12.033,1.8,106,Civic,1,2009
0,16.599001,7.1609998,1.8,106,Civic,6,2009
0,13.998,29.188,1.8,106,Civic,6,2007
0,16.997999,10.268,1.8,106,Civic,6,2008
0,15.998,8.0500002,1.8,106,Civic,6,2008
0,14.599,22.552999,1.8,106,Civic,6,2007
0,13.998,46.013,1.8,106,Civic,7,2008
0,15.599,32.084999,1.8,106,Civic,1,2008
0,15.998,20.893999,1.8,106,Civic,4,2009
0,15.998,3.0999999,1.8,106,Civic,6,2007
0,16.599001,9.2600002,1.8,106,Civic,9,2008
1,14.998,14.212,1.8,106,Civic,6,2007
0,14.599,29.264,1.8,106,Civic,7,2008
0,13.998,52.702999,1.8,106,Civic,9,2008
0,15.998,15.996,1.8,106,Civic,4,2008
1,14.998,25.291,1.8,106,Civic,1,2006
1,14.998,19.624001,1.8,106,Civic,6,2007
0,14.998,22.146,1.8,106,Civic,6,2007
0,14.998,24.063,1.8,106,Civic,7,2008
1,15.998,28.896999,1.8,106,Civic,1,2008
0,13.998,32.273998,1.8,106,Civic,7,2008
0,14.998,15.405,1.8,106,Civic,6,2007
0,14.998,11.182,1.8,106,Civic,6,2007
0,14.998,40.578999,1.8,106,Civic,9,2008
1,15.998,14.622,1.8,106,Civic,2,2008
0,15.998,31.683001,1.8,106,Civic,9,2008
0,14.998,21.087999,1.8,106,Civic,6,2007
0,14.599,49.383999,1.8,106,Civic,2,2008
0,17.097,19.407,1.8,106,Civic,2,2008
0,14.998,25.398001,1.8,106,Civic,6,2007
0,14.998,29.354,1.8,106,Civic,9,2008
0,14.998,50.044998,1.8,106,Civic,1,2008
0,14.998,14.842,1.8,106,Civic,6,2008
0,14.998,48.390999,1.8,106,Civic,9,2008
0,15.998,14.815,1.8,106,Civic,5,2008
0,15.998,23.025999,1.8,106,Civic,5,2009
0,16.997999,5.2940001,1.8,106,Civic,7,2009
0,16.997999,37.456001,1.8,106,Civic,3,2009
0,16.599001,49.280998,1.8,106,Civic,2,2009
0,16.997999,28.881001,1.8,106,Civic,6,2007
0,15.998,32.973999,1.8,106,Civic,6,2007
0,15.998,34.750999,1.8,106,Civic,9,2008
0,16.698,26.806999,1.8,106,Civic,9,2008
0,15.599,35.485001,1.8,106,Civic,7,2008
0,16.997999,23.641001,1.8,106,Civic,1,2008
0,16.997999,15.112,1.8,106,Civic,9,2008
1,16.997999,12.293,1.8,106,Civic,9,2008
0,16.997999,49.118999,1.8,106,Civic,2,2009
0,15.998,21.672001,1.8,106,Civic,6,2007
0,18.097,14.664,1.8,106,Civic,6,2007
1,15.599,40.673,1.8,106,Civic,1,2007
0,16.599001,16.025999,1.8,106,Civic,8,2008
0,15.998,46.944,1.8,106,Civic,9,2009
1,15.599,44.556999,1.8,106,Civic,4,2009
0,18.997999,21.297001,1.8,106,Civic,3,2008
0,17.997999,26.302,1.8,106,Civic,6,2008
0,19.599001,27.454,1.8,106,Civic,1,2009
0,17.599001,26.639999,1.8,106,Civic,4,2009
0,18.599001,34.515999,1.8,106,Civic,2,2008
0,13.998,27.415001,1.8,102,Corolla,6,2007
0,10.998,73.241997,1.8,102,Corolla,6,2006
0,13.998,21.534,1.8,102,Corolla,4,2010
1,14.599,37.167999,1.8,102,Corolla,1,2007
0,13.998,74.415001,1.8,102,Corolla,1,2007
0,8.599,116.888,1.8,102,Corolla,5,2006
0,14.998,30.931999,1.8,102,Corolla,2,2008
0,14.599,13.993,1.8,102,Corolla,4,2007
0,12.998,84.526001,1.8,102,Corolla,3,2007
0,13.599,33.247002,1.8,102,Corolla,9,2006
0,11.097,95.885002,1.8,102,Corolla,9,2010
0,14.599,18.620001,1.8,102,Corolla,4,2007
0,13.599,62.891998,1.8,102,Corolla,2,2008
1,9.9980001,115.779,1.8,102,Corolla,2,2010
0,13.698,32.120998,1.8,102,Corolla,2,2006
0,12.599,37.608002,1.8,102,Corolla,5,2006
0,15.998,9.6949997,1.8,102,Corolla,2,2007
0,9.9980001,93.139999,1.8,102,Corolla,4,2010
0,10.998,69.345001,1.8,102,Corolla,6,2006
0,12.998,45.000999,1.8,102,Corolla,7,2007
0,15.599,32.597,1.8,102,Corolla,1,2007
0,14.599,40.754002,1.8,102,Corolla,2,2007
0,13.998,24.115,1.8,102,Corolla,5,2006
0,13.998,30.33,1.8,102,Corolla,6,2008
0,13.998,47.32,1.8,102,Corolla,6,2008
0,10.599,74.107002,1.8,102,Corolla,7,2010
1,12.998,12.985,1.8,102,Corolla,2,2010
0,14.599,43.213001,1.8,102,Corolla,2,2007
0,12.998,27.048,1.8,102,Corolla,6,2008
0,12.599,38.584,1.8,102,Corolla,7,2006
0,11.998,20.225,1.8,102,Corolla,5,2006
0,14.097,56.874001,1.8,102,Corolla,3,2008
0,13.998,4.8299999,1.8,102,Corolla,5,2006
0,15.599,12.171,1.8,102,Corolla,1,2008
0,12.998,20.396999,1.8,102,Corolla,6,2007
0,13.998,30.711,1.8,102,Corolla,6,2008
0,13.998,48.078999,1.8,102,Corolla,7,2006
1,12.599,33.437,1.8,102,Corolla,7,2007
0,13.599,29.086,1.8,102,Corolla,9,2008
0,10.998,68.927002,1.8,102,Corolla,5,2010
1,10.998,45.575001,1.8,102,Corolla,6,2010
0,12.599,56.453999,1.8,102,Corolla,7,2007
1,12.998,44.987,1.8,102,Corolla,5,2007
0,12.998,25.528999,1.8,102,Corolla,5,2007
0,13.998,53.262001,1.8,102,Corolla,6,2008
0,9.599,90.260002,1.8,102,Corolla,6,2006
0,13.599,9.7659998,1.8,102,Corolla,6,2006
0,15.998,26.469999,1.8,102,Corolla,9,2009
0,14.998,52.66,1.8,102,Corolla,4,2009
0,15.599,19.181999,1.8,102,Corolla,9,2009
0,15.599,12.043,1.8,102,Corolla,1,2009
0,13.998,17.569,1.8,102,Corolla,9,2009
0,13.097,22.093,1.8,102,Corolla,6,2009
1,16.997999,30.073999,1.8,102,Corolla,2,2009
0,16.599001,36.550999,1.8,102,Corolla,2,2009
0,12.998,39.895,1.8,102,Corolla,6,2009
0,13.998,40.481998,1.8,102,Corolla,1,2009
1,13.998,15.862,1.8,102,Corolla,5,2009
0,14.599,28.219,2.4000001,108,Accord,5,2006
0,14.998,67.583,3.3,107,Camry,5,2010
0,11.998,93.740997,2.4000001,107,Camry,6,2006
0,17.599001,4.9460001,2.4000001,107,Camry,5,2006
0,12.998,91.637001,2.4000001,107,Camry,3,2010
0,14.998,15.377,2.4000001,107,Camry,8,2006
0,13.998,72.146004,2.4000001,107,Camry,3,2006
0,16.997999,20.153,2.4000001,107,Camry,2,2010
0,14.097,49.473999,2.4000001,107,Camry,5,2010
1,13.998,32.300999,2.4000001,107,Camry,4,2006
0,12.599,69.725998,2.4000001,107,Camry,5,2010
0,12.998,79.239998,2.4000001,107,Camry,2,2010
0,12.998,74.462997,2.4000001,107,Camry,5,2010
0,14.998,34.910999,2.4000001,107,Camry,8,2010
0,15.599,12.713,2.4000001,109,Camry,5,2007
0,15.599,29.283001,2.4000001,109,Camry,6,2007
0,15.599,17.565001,2.4000001,109,Camry,6,2007
0,16.997999,51.830002,2.4000001,109,Camry,3,2007
0,15.998,14.402,2.4000001,109,Camry,7,2007
0,19.997999,4.895,2.4000001,109,Camry,7,2007
0,15.698,26.410999,2.4000001,109,Camry,6,2007
0,15.599,26.711,2.4000001,109,Camry,6,2007
0,15.998,28.283001,2.4000001,109,Camry,6,2008
0,17.997999,6.9099998,2.4000001,109,Camry,8,2008
1,14.998,39.080002,2.4000001,109,Camry,7,2008
0,16.997999,15.644,2.4000001,109,Camry,7,2008
0,13.998,62.637001,2.4000001,109,Camry,8,2009
0,17.698,29.037001,2.4000001,109,Camry,6,2009
0,14.998,26.84,2.4000001,109,Camry,6,2007
0,18.997999,28.726999,2.4000001,109,Camry,2,2007
0,15.998,21.097,2.4000001,109,Camry,6,2007
0,15.998,22.504999,2.4000001,109,Camry,6,2007
0,15.599,19.291,2.4000001,109,Camry,5,2007
0,16.997999,14.974,2.4000001,109,Camry,7,2008
0,15.998,52.294998,2.4000001,109,Camry,2,2008
0,16.599001,20.725,2.4000001,109,Camry,5,2008
0,16.997999,22.708,2.4000001,109,Camry,9,2008
0,16.997999,15.769,2.4000001,109,Camry,8,2008
0,15.998,54.833,2.4000001,109,Camry,3,2009
0,14.097,59.150002,2.4000001,109,Camry,7,2009
0,14.998,64.655998,2.4000001,109,Camry,5,2007
0,15.599,18.860001,2.4000001,109,Camry,6,2007
0,14.998,36.042999,2.4000001,109,Camry,6,2007
0,15.998,16.799,2.4000001,109,Camry,6,2007
0,15.998,9.3719997,2.4000001,109,Camry,6,2007
0,15.599,34.811001,2.4000001,109,Camry,7,2008
0,16.599001,16.046,2.4000001,109,Camry,5,2008
0,19.997999,13.012,2.4000001,109,Camry,6,2009
0,17.997999,21.216,2.4000001,109,Camry,3,2009
0,17.997999,14.951,2.4000001,109,Camry,9,2009
0,17.599001,14.104,2.4000001,109,Camry,1,2009
0,15.599,70.864998,2.4000001,109,Camry,2,2007
1,17.599001,10.824,2.4000001,109,Camry,6,2007
0,15.599,23.915001,2.4000001,109,Camry,7,2007
0,17.997999,36.205002,2.4000001,109,Camry,2,2007
0,16.599001,11.136,2.4000001,109,Camry,8,2007
0,15.599,25.895,2.4000001,109,Camry,6,2007
0,17.997999,27.309999,2.4000001,109,Camry,1,2007
1,13.998,68.758003,2.4000001,109,Camry,6,2007
0,14.599,46.648998,2.4000001,109,Camry,8,2007
0,14.998,36.466999,2.4000001,109,Camry,6,2007
0,15.599,22.865999,2.4000001,109,Camry,6,2007
0,15.998,25.318001,2.4000001,109,Camry,9,2008
0,15.998,23.823999,2.4000001,109,Camry,8,2008
0,19.599001,23.143999,2.4000001,109,Camry,9,2008
1,16.997999,27.823999,2.4000001,109,Camry,9,2008
0,14.998,31.35,2.4000001,109,Camry,6,2007
0,16.698,22.885,2.4000001,109,Camry,6,2007
0,15.998,21.513,2.4000001,109,Camry,6,2007
0,13.998,69.516998,2.4000001,109,Camry,5,2007
0,14.998,21.101999,2.4000001,109,Camry,6,2007
0,12.998,62.887001,2.4000001,109,Camry,6,2007
0,14.599,43.646,2.4000001,109,Camry,6,2007
1,15.998,15.95,2.4000001,109,Camry,6,2007
0,14.998,38.009998,2.4000001,109,Camry,6,2007
0,15.599,25.625999,2.4000001,109,Camry,6,2007
1,17.997999,52.938999,2.4000001,109,Camry,3,2008
0,16.997999,50.431,2.4000001,109,Camry,7,2008
0,19.599001,37.473,2.4000001,109,Camry,9,2008
0,17.599001,30.223,2.4000001,109,Camry,2,2009
0,15.599,56.283001,2.4000001,109,Camry,2,2007
0,14.998,31.347,2.4000001,109,Camry,6,2007
0,16.997999,3.813,2.4000001,109,Camry,7,2007
0,16.997999,12.608,2.4000001,109,Camry,6,2007
0,17.097,12.053,2.4000001,109,Camry,7,2007
0,15.998,19.216999,2.4000001,109,Camry,8,2007
0,15.998,22.849001,2.4000001,109,Camry,6,2007
0,16.599001,20.014999,2.4000001,109,Camry,6,2007
0,15.599,21.354,2.4000001,109,Camry,6,2007
0,15.599,17.32,2.4000001,109,Camry,7,2007
0,16.599001,16.343,2.4000001,109,Camry,7,2008
0,15.998,30.385,2.4000001,109,Camry,8,2008
1,17.997999,24.621,2.4000001,109,Camry,9,2008
0,17.097,14.16,2.4000001,109,Camry,7,2008
0,17.997999,16.566999,2.4000001,109,Camry,4,2009
0,19.997999,4.5009999,2.4000001,109,Camry,6,2009
1,15.998,13.765,2.4000001,109,Camry,6,2007
0,14.998,23.292999,2.4000001,109,Camry,6,2007
0,15.998,25.792,2.4000001,109,Camry,5,2007
0,18.599001,27.132999,2.4000001,109,Camry,6,2007
0,15.599,20.108999,2.4000001,109,Camry,6,2007
0,15.998,29.243999,2.4000001,109,Camry,9,2008
0,14.998,95.028,2.4000001,109,Camry,3,2008
0,16.599001,14.137,2.4000001,109,Camry,6,2008
1,14.599,47.116001,2.4000001,109,Camry,9,2008
0,15.998,19.174999,2.4000001,109,Camry,6,2008
0,15.998,28.320999,2.4000001,109,Camry,1,2008
1,15.698,60.908001,2.4000001,109,Camry,2,2009
0,16.997999,10.864,2.4000001,109,Camry,6,2007
0,15.599,22.191999,2.4000001,109,Camry,6,2007
0,15.599,25.563999,2.4000001,109,Camry,6,2007
0,14.998,27.466,2.4000001,109,Camry,6,2007
0,14.998,29.018999,2.4000001,109,Camry,8,2007
1,14.998,25.424999,2.4000001,109,Camry,6,2007
0,16.997999,23.455,2.4000001,109,Camry,1,2008
0,16.997999,3.441,2.4000001,109,Camry,6,2008
0,15.998,18.296,2.4000001,109,Camry,6,2008
0,17.599001,15.281,2.4000001,109,Camry,9,2008
0,18.997999,48.832001,2.4000001,109,Camry,2,2009
0,16.997999,23.181999,2.4000001,109,Camry,4,2009
0,14.998,76.399002,2.4000001,109,Camry,8,2007
0,16.097,63.223,2.4000001,109,Camry,3,2007
0,14.998,23.517,2.4000001,109,Camry,6,2007
0,14.998,28.714001,2.4000001,109,Camry,7,2007
0,15.998,19.997999,2.4000001,109,Camry,6,2008
1,15.998,15.584,2.4000001,109,Camry,7,2008
0,16.599001,20.188999,2.4000001,109,Camry,7,2008
0,15.998,28.454,2.4000001,109,Camry,9,2008
0,15.998,27.177999,2.4000001,109,Camry,9,2008
0,23.599001,11.221,2.4000001,109,Camry,6,2009
0,15.998,16.111,2.4000001,109,Camry,6,2007
0,15.998,40.862999,2.4000001,109,Camry,2,2007
0,14.599,34.398998,2.4000001,109,Camry,6,2007
0,15.599,27.771,2.4000001,109,Camry,6,2007
0,14.998,23.17,2.4000001,109,Camry,7,2007
0,14.998,54.455002,2.4000001,109,Camry,9,2007
0,18.599001,9.434,2.4000001,109,Camry,1,2007
0,14.998,38.492001,2.4000001,109,Camry,6,2007
0,15.998,20.789,2.4000001,109,Camry,5,2007
0,15.998,24.617001,2.4000001,109,Camry,7,2007
0,16.997999,13.607,2.4000001,109,Camry,7,2008
0,15.998,27.622,2.4000001,109,Camry,7,2008
0,17.997999,8.7299995,2.4000001,109,Camry,9,2008
0,16.997999,10.786,2.4000001,109,Camry,5,2008
0,17.599001,15.559,2.4000001,109,Camry,9,2009
0,20.997999,16.648001,2.4000001,109,Camry,1,2009
0,15.998,23.943001,2.4000001,109,Camry,6,2007
0,15.998,19.153,2.4000001,109,Camry,7,2007
0,16.997999,18.42,2.4000001,109,Camry,6,2007
0,15.599,20.424999,2.4000001,109,Camry,6,2007
1,16.997999,19.937,2.4000001,109,Camry,2,2007
0,14.998,24.834999,2.4000001,109,Camry,6,2007
1,15.998,15.484,2.4000001,109,Camry,6,2007
0,16.997999,11.543,2.4000001,109,Camry,6,2008
0,20.599001,9.6199999,2.4000001,109,Camry,1,2008
0,15.599,32.868999,2.4000001,109,Camry,8,2008
0,17.997999,18.052999,2.4000001,109,Camry,2,2008
0,19.997999,13.161,2.4000001,109,Camry,6,2008
0,16.997999,15.244,2.4000001,109,Camry,6,2008
0,16.599001,15.453,2.4000001,109,Camry,6,2008
0,17.599001,19.902,2.4000001,109,Camry,9,2008
0,16.599001,26.410999,2.4000001,109,Camry,9,2008
0,17.599001,5.9530001,2.4000001,109,Camry,7,2008
0,16.997999,27.514999,2.4000001,109,Camry,1,2008
0,20.599001,32.937,2.4000001,109,Camry,2,2009
0,13.998,86.101997,2.4000001,109,Camry,4,2009
0,17.599001,17.121,2.4000001,109,Camry,2,2009
0,22.997999,9.7130003,2.4000001,109,Camry,6,2009
0,13.599,58.924999,3,107,Camry,6,2010
0,11.998,97.322998,3,107,Camry,1,2010
0,18.997999,21.084999,3,107,Camry,5,2006
0,13.998,99.927002,3,107,Camry,2,2006
0,15.599,47.790001,3,107,Camry,5,2010
1,13.998,34.073002,3,107,Camry,7,2006
0,13.998,55.380001,3.5,109,Camry,7,2007
1,15.998,16.934999,3.5,109,Camry,6,2007
0,15.599,34.861,3.5,109,Camry,6,2007
0,20.599001,35.021,3.5,109,Camry,7,2008
0,20.997999,15.078,3.5,109,Camry,6,2008
0,21.599001,9.7650003,3.5,109,Camry,9,2008
1,17.997999,18.722,3.5,109,Camry,1,2009
1,19.997999,15.668,3.5,109,Camry,6,2007
0,16.997999,35.272999,3.5,109,Camry,1,2008
0,18.599001,12.726,3.5,109,Camry,9,2008
0,17.997999,44.867001,3.5,109,Camry,3,2007
0,18.997999,28.143999,3.5,109,Camry,8,2007
0,19.698,23.871,3.5,109,Camry,6,2007
0,18.997999,24.410999,3.5,109,Camry,6,2007
0,19.599001,9,3.5,109,Camry,6,2007
0,20.599001,42.681999,3.5,109,Camry,2,2008
0,18.997999,52.441002,3.5,109,Camry,5,2007
0,17.997999,23.266001,3.5,109,Camry,6,2007
0,15.998,22.846001,3.5,109,Camry,6,2007
0,17.997999,72.795998,3.5,109,Camry,2,2007
0,16.997999,39.112999,3.5,109,Camry,4,2007
0,17.997999,50.189999,3.5,109,Camry,6,2007
0,18.997999,28.311001,3.5,109,Camry,6,2007
0,19.997999,18.896,3.5,109,Camry,7,2007
0,20.599001,19.721001,3.5,109,Camry,6,2008
0,18.599001,54.641998,3.5,109,Camry,9,2008
0,19.997999,15.683,3.5,109,Camry,6,2007
0,16.997999,16.121,3.5,109,Camry,6,2007
1,18.997999,31.378,3.5,109,Camry,6,2007
0,17.599001,19.604,3.5,109,Camry,9,2008
0,19.599001,22.356001,3.5,109,Camry,7,2007
0,19.599001,43.59,3.5,109,Camry,5,2007
0,19.698,46.548,3.5,109,Camry,2,2008
0,20.997999,24.969,3.5,109,Camry,2,2007
1,17.698,45.676998,3.5,109,Camry,7,2007
0,20.097,52.894001,3.5,109,Camry,2,2009
0,17.997999,14.088,2.4000001,109,Camry,1,2008
0,19.599001,19.339001,2.4000001,109,Camry,1,2009
0,17.997999,18.882999,2.4000001,109,Camry,5,2009
0,12.998,30.58,2.4000001,107,Sonata,7,2007
0,14.698,19.360001,2.4000001,107,Sonata,5,2009
0,16.997999,13.361,2.4000001,107,Sonata,3,2009
0,13.998,17.243999,2.4000001,107,Sonata,5,2009
0,14.998,39.792999,2.4000001,107,Sonata,2,2009
0,12.998,40.723999,2.4000001,107,Sonata,7,2009
0,14.998,15.928,2.4000001,107,Sonata,6,2009
0,13.599,37.967999,2.4000001,107,Sonata,4,2007
1,13.998,16.454,2.4000001,107,Sonata,5,2009
0,13.998,42.115002,2.4000001,107,Sonata,7,2009
0,13.998,23.702999,2.4000001,107,Sonata,7,2009
0,15.998,39.339001,2.4000001,107,Sonata,2,2009
1,16.997999,12.682,2.4000001,107,Sonata,1,2009
0,13.998,38.817001,2.4000001,107,Sonata,9,2009
0,14.998,13.344,2.4000001,107,Sonata,6,2009
1,14.998,15.015,2.4000001,107,Sonata,6,2009
0,14.998,12.289,2.4000001,107,Sonata,5,2009
0,13.998,55.823002,2.4000001,107,Sonata,4,2007
0,14.998,12.152,2.4000001,107,Sonata,5,2009
1,15.599,26.289,3.3,107,Sonata,1,2009
0,14.698,43.664001,3.3,107,Sonata,5,2009
0,15.998,14.625,3.3,107,Sonata,5,2009
0,20.599001,8.0489998,2.4000001,107,Sonata,3,2009
0,14.998,39.227001,2.4000001,107,Sonata,7,2008
0,17.997999,42.701,2.4000001,107,Sonata,2,2009
0,18.997999,38.978001,2.4000001,107,Sonata,6,2009
0,13.998,36.870998,3.3,107,Sonata,1,2006
0,16.599001,10.294,3.3,107,Sonata,4,2009
1,10.698,68.143997,3.3,107,Sonata,9,2006
0,13.998,13.012,3.3,107,Sonata,6,2006
0,16.997999,23.173,3.3,107,Sonata,9,2008
0,18.997999,27.15,3.3,107,Sonata,1,2009
0,20.599001,12.012,3.3,107,Sonata,6,2009
0,13.998,27.906,3.3,107,Sonata,5,2006
0,16.997999,30.798,3.3,107,Sonata,2,2007
1,15.998,32.858002,3.3,107,Sonata,1,2008
0,13.599,36.617001,3.3,107,Sonata,7,2006
0,12.998,37.431,3.3,107,Sonata,8,2006
0,13.599,32.700001,3.3,107,Sonata,5,2008
0,14.998,35.376999,2.4000001,108,Accord,5,2007
0,14.599,30.066,2.4000001,108,Accord,6,2007
0,14.097,34.705002,2.4000001,108,Accord,6,2007
0,14.998,35.189999,2.4000001,108,Accord,5,2007
0,19.997999,22.844,2.4000001,110,Accord,7,2008
0,18.599001,50.696999,2.4000001,110,Accord,3,2008
0,16.599001,17.104,3.3,107,Camry,6,2006
0,14.998,36.124001,1.8,102,Corolla,2,2009
1,12.998,21.190001,1.8,102,Corolla,7,2009
0,13.599,45.555,1.8,102,Corolla,6,2009
0,14.097,16.816999,1.8,102,Corolla,5,2009
0,13.599,18.674999,1.8,102,Corolla,8,2009
0,15.998,30.341999,1.8,102,Corolla,1,2009
0,16.599001,14.741,1.8,102,Corolla,2,2009
0,13.998,65.532997,1.8,102,Corolla,2,2009
0,13.599,35.993,1.8,102,Corolla,7,2009
0,14.599,30.096001,1.8,102,Corolla,3,2009
0,13.698,22.673,1.8,102,Corolla,7,2009
0,15.599,12.066,1.8,102,Corolla,2,2006
0,13.998,57.620998,1.8,102,Corolla,2,2007
0,13.599,10.878,1.8,102,Corolla,5,2006
1,10.097,76.226997,1.8,102,Corolla,7,2006
0,15.998,24.141001,2.4000001,109,Camry,6,2007
0,14.998,24.523001,2.4000001,109,Camry,6,2007
0,17.997999,23.114,2.4000001,109,Camry,6,2007
1,16.997999,38.729,2.4000001,109,Camry,5,2007
0,18.997999,8.8909998,2.4000001,109,Camry,6,2007
0,16.599001,12.489,2.4000001,109,Camry,5,2007
0,15.998,24.724001,3.5,109,Camry,6,2007
0,12.599,39.467999,2.4000001,107,Sonata,6,2006
1,11.998,43.948002,2.7,106,Sonata,4,2010
